1,frame_recieved,1700822266.299985
1,frame_displayed,1700822266.3188097
2,frame_recieved,1700822266.3206434
3,frame_recieved,1700822266.324892
4,frame_recieved,1700822266.3272145
5,frame_recieved,1700822266.329257
6,frame_recieved,1700822266.3310015
7,frame_recieved,1700822266.3341238
8,frame_recieved,1700822266.3361623
9,frame_recieved,1700822266.3396912
10,frame_recieved,1700822266.3476076
11,frame_recieved,1700822266.356003
12,frame_recieved,1700822266.3643947
13,frame_recieved,1700822266.373972
14,frame_recieved,1700822266.38234
2,frame_displayed,1700822266.383669
3,frame_displayed,1700822266.3864973
4,frame_displayed,1700822266.3894098
15,frame_recieved,1700822266.3910093
5,frame_displayed,1700822266.3951979
6,frame_displayed,1700822266.4006712
16,frame_recieved,1700822266.400719
7,frame_displayed,1700822266.405324
17,frame_recieved,1700822266.4093957
8,frame_displayed,1700822266.4162757
18,frame_recieved,1700822266.4163868
9,frame_displayed,1700822266.4206276
10,frame_displayed,1700822266.4242582
19,frame_recieved,1700822266.4249468
11,frame_displayed,1700822266.429342
12,frame_displayed,1700822266.4327493
20,frame_recieved,1700822266.4332952
13,frame_displayed,1700822266.4366999
14,frame_displayed,1700822266.4404082
21,frame_recieved,1700822266.4423854
15,frame_displayed,1700822266.444865
16,frame_displayed,1700822266.4486735
22,frame_recieved,1700822266.4505587
17,frame_displayed,1700822266.4520042
18,frame_displayed,1700822266.456054
19,frame_displayed,1700822266.4605467
23,frame_recieved,1700822266.4613245
20,frame_displayed,1700822266.467669
24,frame_recieved,1700822266.4678023
21,frame_displayed,1700822266.4717386
22,frame_displayed,1700822266.4755244
25,frame_recieved,1700822266.4775288
23,frame_displayed,1700822266.4813333
26,frame_recieved,1700822266.4850621
24,frame_displayed,1700822266.485564
25,frame_displayed,1700822266.4891176
26,frame_displayed,1700822266.4930315
27,frame_recieved,1700822266.4939623
27,frame_displayed,1700822266.49786
28,frame_recieved,1700822266.5125182
28,frame_displayed,1700822266.595903
29,frame_recieved,1700822266.597379
29,frame_displayed,1700822266.5999455
30,frame_recieved,1700822266.6020844
30,frame_displayed,1700822266.603567
31,frame_recieved,1700822266.6044955
32,frame_recieved,1700822266.6065977
31,frame_displayed,1700822266.608049
33,frame_recieved,1700822266.6090758
34,frame_recieved,1700822266.611666
32,frame_displayed,1700822266.613318
35,frame_recieved,1700822266.6142313
36,frame_recieved,1700822266.6160643
33,frame_displayed,1700822266.617584
37,frame_recieved,1700822266.6176157
38,frame_recieved,1700822266.619564
39,frame_recieved,1700822266.6213002
34,frame_displayed,1700822266.6219487
40,frame_recieved,1700822266.6240115
35,frame_displayed,1700822266.6283398
41,frame_recieved,1700822266.6309128
36,frame_displayed,1700822266.631721
37,frame_displayed,1700822266.635264
38,frame_displayed,1700822266.6386592
42,frame_recieved,1700822266.6416116
39,frame_displayed,1700822266.6427164
40,frame_displayed,1700822266.6459818
41,frame_displayed,1700822266.6495497
43,frame_recieved,1700822266.6512585
42,frame_displayed,1700822266.6530838
43,frame_displayed,1700822266.6569378
44,frame_recieved,1700822266.661311
44,frame_displayed,1700822266.6673813
45,frame_recieved,1700822266.6813831
45,frame_displayed,1700822266.72797
46,frame_recieved,1700822266.7294052
47,frame_recieved,1700822266.7314477
46,frame_displayed,1700822266.7320387
48,frame_recieved,1700822266.7335465
49,frame_recieved,1700822266.7354836
47,frame_displayed,1700822266.7367203
50,frame_recieved,1700822266.7377005
51,frame_recieved,1700822266.739347
48,frame_displayed,1700822266.740893
52,frame_recieved,1700822266.7414336
49,frame_displayed,1700822266.7452617
50,frame_displayed,1700822266.7485297
51,frame_displayed,1700822266.7515037
53,frame_recieved,1700822266.751922
52,frame_displayed,1700822266.7559576
53,frame_displayed,1700822266.7595184
54,frame_recieved,1700822266.7620816
54,frame_displayed,1700822266.7689567
55,frame_recieved,1700822266.7715905
55,frame_displayed,1700822266.7775447
56,frame_recieved,1700822266.791733
56,frame_displayed,1700822266.8331785
57,frame_recieved,1700822266.8345475
58,frame_recieved,1700822266.8365445
57,frame_displayed,1700822266.8370655
59,frame_recieved,1700822266.8386645
58,frame_displayed,1700822266.841782
60,frame_recieved,1700822266.8431177
61,frame_recieved,1700822266.844846
59,frame_displayed,1700822266.8464038
62,frame_recieved,1700822266.8467762
60,frame_displayed,1700822266.8507495
63,frame_recieved,1700822266.851146
61,frame_displayed,1700822266.8542905
62,frame_displayed,1700822266.8573482
63,frame_displayed,1700822266.8607152
64,frame_recieved,1700822266.860857
64,frame_displayed,1700822266.8651285
65,frame_recieved,1700822266.8813155
65,frame_displayed,1700822266.897595
66,frame_recieved,1700822266.8987122
67,frame_recieved,1700822266.9002597
68,frame_recieved,1700822266.9019618
66,frame_displayed,1700822266.9027624
67,frame_displayed,1700822266.906491
68,frame_displayed,1700822266.9095566
69,frame_recieved,1700822266.911151
69,frame_displayed,1700822266.914005
70,frame_recieved,1700822266.9314516
70,frame_displayed,1700822266.9479759
71,frame_recieved,1700822266.9493678
72,frame_recieved,1700822266.9512372
71,frame_displayed,1700822266.9520428
73,frame_recieved,1700822266.953535
72,frame_displayed,1700822266.9558957
73,frame_displayed,1700822266.95928
74,frame_recieved,1700822266.9621108
74,frame_displayed,1700822266.9781885
75,frame_recieved,1700822266.9796832
75,frame_displayed,1700822266.9816546
76,frame_recieved,1700822266.9817436
76,frame_displayed,1700822266.9852145
77,frame_recieved,1700822267.0016928
77,frame_displayed,1700822267.0177143
78,frame_recieved,1700822267.01907
78,frame_displayed,1700822267.0210474
79,frame_recieved,1700822267.0215268
80,frame_recieved,1700822267.0235214
79,frame_displayed,1700822267.0246773
80,frame_displayed,1700822267.0279093
81,frame_recieved,1700822267.0416553
81,frame_displayed,1700822267.0882642
82,frame_recieved,1700822267.0897307
83,frame_recieved,1700822267.0916982
82,frame_displayed,1700822267.0925555
84,frame_recieved,1700822267.0942655
85,frame_recieved,1700822267.0960262
83,frame_displayed,1700822267.0971644
86,frame_recieved,1700822267.0985603
87,frame_recieved,1700822267.100505
84,frame_displayed,1700822267.1007671
88,frame_recieved,1700822267.102701
85,frame_displayed,1700822267.1054544
86,frame_displayed,1700822267.1089087
89,frame_recieved,1700822267.1121616
87,frame_displayed,1700822267.1135762
88,frame_displayed,1700822267.118636
89,frame_displayed,1700822267.1230528
90,frame_recieved,1700822267.1366062
90,frame_displayed,1700822267.1740084
91,frame_recieved,1700822267.1753664
92,frame_recieved,1700822267.177165
91,frame_displayed,1700822267.178412
93,frame_recieved,1700822267.1801958
94,frame_recieved,1700822267.1816921
95,frame_recieved,1700822267.1833272
92,frame_displayed,1700822267.1835947
96,frame_recieved,1700822267.1848576
93,frame_displayed,1700822267.1890163
97,frame_recieved,1700822267.1912682
94,frame_displayed,1700822267.1922092
95,frame_displayed,1700822267.1953135
96,frame_displayed,1700822267.1984453
98,frame_recieved,1700822267.2009754
97,frame_displayed,1700822267.2014446
98,frame_displayed,1700822267.2046623
99,frame_recieved,1700822267.2212715
99,frame_displayed,1700822267.278421
100,frame_recieved,1700822267.2797997
101,frame_recieved,1700822267.2817647
100,frame_displayed,1700822267.2821593
102,frame_recieved,1700822267.284835
103,frame_recieved,1700822267.2867296
101,frame_displayed,1700822267.2880359
104,frame_recieved,1700822267.2890744
105,frame_recieved,1700822267.2907436
102,frame_displayed,1700822267.291658
106,frame_recieved,1700822267.292925
107,frame_recieved,1700822267.294825
103,frame_displayed,1700822267.2952769
104,frame_displayed,1700822267.2988236
108,frame_recieved,1700822267.301486
105,frame_displayed,1700822267.302191
106,frame_displayed,1700822267.3058288
107,frame_displayed,1700822267.3091016
109,frame_recieved,1700822267.3119783
108,frame_displayed,1700822267.3124242
109,frame_displayed,1700822267.3163962
110,frame_recieved,1700822267.3320675
110,frame_displayed,1700822267.369276
111,frame_recieved,1700822267.3706913
111,frame_displayed,1700822267.3730292
112,frame_recieved,1700822267.3732433
113,frame_recieved,1700822267.3756316
112,frame_displayed,1700822267.3771846
114,frame_recieved,1700822267.3780885
115,frame_recieved,1700822267.380845
113,frame_displayed,1700822267.3817577
116,frame_recieved,1700822267.3832507
114,frame_displayed,1700822267.385161
115,frame_displayed,1700822267.3882523
117,frame_recieved,1700822267.3913662
116,frame_displayed,1700822267.391767
117,frame_displayed,1700822267.3956432
118,frame_recieved,1700822267.4115283
118,frame_displayed,1700822267.458938
119,frame_recieved,1700822267.460279
119,frame_displayed,1700822267.4627364
120,frame_recieved,1700822267.4643455
120,frame_displayed,1700822267.4658403
121,frame_recieved,1700822267.466571
122,frame_recieved,1700822267.4681828
121,frame_displayed,1700822267.4695702
123,frame_recieved,1700822267.470007
124,frame_recieved,1700822267.471496
125,frame_recieved,1700822267.4730937
122,frame_displayed,1700822267.473578
123,frame_displayed,1700822267.4775434
124,frame_displayed,1700822267.4808855
126,frame_recieved,1700822267.4810398
125,frame_displayed,1700822267.4848065
126,frame_displayed,1700822267.4882746
127,frame_recieved,1700822267.490996
127,frame_displayed,1700822267.5073357
128,frame_recieved,1700822267.5090032
128,frame_displayed,1700822267.511412
129,frame_recieved,1700822267.511886
129,frame_displayed,1700822267.515149
130,frame_recieved,1700822267.5259268
130,frame_displayed,1700822267.5522895
131,frame_recieved,1700822267.553549
131,frame_displayed,1700822267.5559893
132,frame_recieved,1700822267.5560138
133,frame_recieved,1700822267.5580454
132,frame_displayed,1700822267.5607247
134,frame_recieved,1700822267.5615926
133,frame_displayed,1700822267.5647476
134,frame_displayed,1700822267.5678833
135,frame_recieved,1700822267.5712128
135,frame_displayed,1700822267.617802
136,frame_recieved,1700822267.6192234
136,frame_displayed,1700822267.621713
137,frame_recieved,1700822267.6219213
138,frame_recieved,1700822267.623978
137,frame_displayed,1700822267.625349
139,frame_recieved,1700822267.6267607
140,frame_recieved,1700822267.6291509
138,frame_displayed,1700822267.6302004
141,frame_recieved,1700822267.6312835
139,frame_displayed,1700822267.634059
140,frame_displayed,1700822267.6375816
141,frame_displayed,1700822267.6409833
142,frame_recieved,1700822267.6414173
142,frame_displayed,1700822267.6459725
143,frame_recieved,1700822267.6569967
143,frame_displayed,1700822267.6781986
144,frame_recieved,1700822267.6795156
145,frame_recieved,1700822267.681255
144,frame_displayed,1700822267.682447
146,frame_recieved,1700822267.684094
145,frame_displayed,1700822267.6863852
146,frame_displayed,1700822267.68977
147,frame_recieved,1700822267.6916728
147,frame_displayed,1700822267.6926978
148,frame_recieved,1700822267.7121105
148,frame_displayed,1700822267.7637312
149,frame_recieved,1700822267.765374
149,frame_displayed,1700822267.7673068
150,frame_recieved,1700822267.7701633
150,frame_displayed,1700822267.7812493
151,frame_recieved,1700822267.7824597
152,frame_recieved,1700822267.784395
151,frame_displayed,1700822267.785147
153,frame_recieved,1700822267.7865126
154,frame_recieved,1700822267.788079
152,frame_displayed,1700822267.7895277
155,frame_recieved,1700822267.7896147
156,frame_recieved,1700822267.7912998
157,frame_recieved,1700822267.7933948
153,frame_displayed,1700822267.7944672
154,frame_displayed,1700822267.7989333
158,frame_recieved,1700822267.8008845
155,frame_displayed,1700822267.802108
156,frame_displayed,1700822267.8053143
157,frame_displayed,1700822267.8083413
159,frame_recieved,1700822267.8114736
158,frame_displayed,1700822267.8119698
159,frame_displayed,1700822267.8162317
160,frame_recieved,1700822267.8316267
160,frame_displayed,1700822267.8688102
161,frame_recieved,1700822267.870155
162,frame_recieved,1700822267.8722177
161,frame_displayed,1700822267.8726134
163,frame_recieved,1700822267.8745003
162,frame_displayed,1700822267.8765633
164,frame_recieved,1700822267.8772664
165,frame_recieved,1700822267.8794754
163,frame_displayed,1700822267.880998
166,frame_recieved,1700822267.881828
164,frame_displayed,1700822267.8850982
165,frame_displayed,1700822267.8892229
167,frame_recieved,1700822267.8918085
166,frame_displayed,1700822267.8928688
167,frame_displayed,1700822267.8973587
168,frame_recieved,1700822267.9067583
168,frame_displayed,1700822267.9383798
169,frame_recieved,1700822267.9397397
170,frame_recieved,1700822267.9416902
169,frame_displayed,1700822267.9425323
171,frame_recieved,1700822267.9440134
172,frame_recieved,1700822267.9458072
170,frame_displayed,1700822267.946388
171,frame_displayed,1700822267.9499876
173,frame_recieved,1700822267.9515452
172,frame_displayed,1700822267.953082
173,frame_displayed,1700822267.956211
174,frame_recieved,1700822267.9717386
174,frame_displayed,1700822268.003443
175,frame_recieved,1700822268.0048556
175,frame_displayed,1700822268.0071871
176,frame_recieved,1700822268.0073469
177,frame_recieved,1700822268.0096185
178,frame_recieved,1700822268.0116553
176,frame_displayed,1700822268.013271
179,frame_recieved,1700822268.0142598
177,frame_displayed,1700822268.0184555
178,frame_displayed,1700822268.0226243
180,frame_recieved,1700822268.0244563
179,frame_displayed,1700822268.025957
180,frame_displayed,1700822268.0299797
181,frame_recieved,1700822268.0315266
181,frame_displayed,1700822268.0346744
182,frame_recieved,1700822268.0510771
182,frame_displayed,1700822268.0977197
183,frame_recieved,1700822268.0989826
184,frame_recieved,1700822268.1010153
183,frame_displayed,1700822268.1019351
185,frame_recieved,1700822268.103235
186,frame_recieved,1700822268.1048465
184,frame_displayed,1700822268.106012
187,frame_recieved,1700822268.106753
188,frame_recieved,1700822268.108427
185,frame_displayed,1700822268.1099806
189,frame_recieved,1700822268.1114514
186,frame_displayed,1700822268.1141498
187,frame_displayed,1700822268.117249
188,frame_displayed,1700822268.1202846
190,frame_recieved,1700822268.1213002
189,frame_displayed,1700822268.1240666
190,frame_displayed,1700822268.1274557
191,frame_recieved,1700822268.1412015
191,frame_displayed,1700822268.188472
192,frame_recieved,1700822268.1896875
193,frame_recieved,1700822268.1916819
192,frame_displayed,1700822268.192543
194,frame_recieved,1700822268.1939583
193,frame_displayed,1700822268.1960096
195,frame_recieved,1700822268.1965559
196,frame_recieved,1700822268.1984336
194,frame_displayed,1700822268.2001972
197,frame_recieved,1700822268.2014332
198,frame_recieved,1700822268.2033205
195,frame_displayed,1700822268.2037168
196,frame_displayed,1700822268.2072954
197,frame_displayed,1700822268.2108653
199,frame_recieved,1700822268.2120285
198,frame_displayed,1700822268.2140644
199,frame_displayed,1700822268.217581
200,frame_recieved,1700822268.2318501
200,frame_displayed,1700822268.2788682
201,frame_recieved,1700822268.280301
201,frame_displayed,1700822268.2825718
202,frame_recieved,1700822268.2828834
203,frame_recieved,1700822268.2848027
202,frame_displayed,1700822268.2862916
204,frame_recieved,1700822268.2868826
205,frame_recieved,1700822268.2886372
203,frame_displayed,1700822268.289938
206,frame_recieved,1700822268.2907238
207,frame_recieved,1700822268.2930055
204,frame_displayed,1700822268.2943587
205,frame_displayed,1700822268.2978315
206,frame_displayed,1700822268.3007534
208,frame_recieved,1700822268.3016613
207,frame_displayed,1700822268.3050964
208,frame_displayed,1700822268.3096516
209,frame_recieved,1700822268.311423
209,frame_displayed,1700822268.312992
210,frame_recieved,1700822268.3359878
210,frame_displayed,1700822268.377503
211,frame_recieved,1700822268.3789637
212,frame_recieved,1700822268.380596
211,frame_displayed,1700822268.3816867
213,frame_recieved,1700822268.3829722
214,frame_recieved,1700822268.3844607
212,frame_displayed,1700822268.3860185
215,frame_recieved,1700822268.3864262
216,frame_recieved,1700822268.3881052
213,frame_displayed,1700822268.389918
217,frame_recieved,1700822268.3911526
214,frame_displayed,1700822268.393349
215,frame_displayed,1700822268.3974123
216,frame_displayed,1700822268.4005406
218,frame_recieved,1700822268.4010718
217,frame_displayed,1700822268.4044983
218,frame_displayed,1700822268.408131
219,frame_recieved,1700822268.4109101
219,frame_displayed,1700822268.4123259
220,frame_recieved,1700822268.4261193
220,frame_displayed,1700822268.4524453
221,frame_recieved,1700822268.4536798
222,frame_recieved,1700822268.4554384
221,frame_displayed,1700822268.4565494
223,frame_recieved,1700822268.457914
222,frame_displayed,1700822268.460013
224,frame_recieved,1700822268.4618416
223,frame_displayed,1700822268.4637475
224,frame_displayed,1700822268.4669323
225,frame_recieved,1700822268.4812584
225,frame_displayed,1700822268.497324
226,frame_recieved,1700822268.4988658
227,frame_recieved,1700822268.5009022
226,frame_displayed,1700822268.5012474
228,frame_recieved,1700822268.5032766
227,frame_displayed,1700822268.5052485
228,frame_displayed,1700822268.5084507
229,frame_recieved,1700822268.5219612
229,frame_displayed,1700822268.5736642
230,frame_recieved,1700822268.5751338
231,frame_recieved,1700822268.576959
230,frame_displayed,1700822268.578311
232,frame_recieved,1700822268.5794852
233,frame_recieved,1700822268.5811834
234,frame_recieved,1700822268.5830762
231,frame_displayed,1700822268.5837939
235,frame_recieved,1700822268.585018
236,frame_recieved,1700822268.5868669
232,frame_displayed,1700822268.58805
237,frame_recieved,1700822268.5911708
233,frame_displayed,1700822268.5920558
234,frame_displayed,1700822268.5963466
235,frame_displayed,1700822268.6001973
238,frame_recieved,1700822268.6019394
236,frame_displayed,1700822268.6034908
237,frame_displayed,1700822268.6092415
239,frame_recieved,1700822268.6124024
238,frame_displayed,1700822268.6141071
239,frame_displayed,1700822268.6191344
240,frame_recieved,1700822268.6342516
240,frame_displayed,1700822268.6759884
241,frame_recieved,1700822268.6774096
242,frame_recieved,1700822268.6790104
243,frame_recieved,1700822268.6807628
241,frame_displayed,1700822268.6821856
244,frame_recieved,1700822268.6836176
242,frame_displayed,1700822268.6859992
245,frame_recieved,1700822268.6861217
246,frame_recieved,1700822268.688217
243,frame_displayed,1700822268.6901727
247,frame_recieved,1700822268.6912417
244,frame_displayed,1700822268.6936069
245,frame_displayed,1700822268.697349
246,frame_displayed,1700822268.700584
248,frame_recieved,1700822268.7010777
247,frame_displayed,1700822268.7045507
248,frame_displayed,1700822268.708585
249,frame_recieved,1700822268.7114112
249,frame_displayed,1700822268.7135274
250,frame_recieved,1700822268.7316916
250,frame_displayed,1700822268.7833865
251,frame_recieved,1700822268.7847083
251,frame_displayed,1700822268.7871132
252,frame_recieved,1700822268.787245
253,frame_recieved,1700822268.7892807
254,frame_recieved,1700822268.79121
252,frame_displayed,1700822268.7916443
255,frame_recieved,1700822268.7936113
253,frame_displayed,1700822268.7962747
256,frame_recieved,1700822268.7971375
257,frame_recieved,1700822268.7991116
254,frame_displayed,1700822268.8001323
258,frame_recieved,1700822268.8012714
255,frame_displayed,1700822268.8044186
256,frame_displayed,1700822268.8080058
259,frame_recieved,1700822268.8113017
257,frame_displayed,1700822268.8116057
258,frame_displayed,1700822268.815919
259,frame_displayed,1700822268.8192394
260,frame_recieved,1700822268.8211617
260,frame_displayed,1700822268.8230782
261,frame_recieved,1700822268.8413887
261,frame_displayed,1700822268.873065
262,frame_recieved,1700822268.8746183
262,frame_displayed,1700822268.8771527
263,frame_recieved,1700822268.8772664
264,frame_recieved,1700822268.879813
263,frame_displayed,1700822268.8807948
265,frame_recieved,1700822268.882072
264,frame_displayed,1700822268.8841856
266,frame_recieved,1700822268.8848083
265,frame_displayed,1700822268.8891168
267,frame_recieved,1700822268.891879
266,frame_displayed,1700822268.89274
267,frame_displayed,1700822268.8969393
268,frame_recieved,1700822268.9117942
268,frame_displayed,1700822268.9541724
269,frame_recieved,1700822268.9560695
270,frame_recieved,1700822268.9581783
269,frame_displayed,1700822268.9586232
271,frame_recieved,1700822268.9605892
272,frame_recieved,1700822268.962315
273,frame_recieved,1700822268.9641628
270,frame_displayed,1700822268.964341
274,frame_recieved,1700822268.9667222
271,frame_displayed,1700822268.9688642
275,frame_recieved,1700822268.9715617
272,frame_displayed,1700822268.972277
273,frame_displayed,1700822268.9753141
274,frame_displayed,1700822268.979026
276,frame_recieved,1700822268.9816833
275,frame_displayed,1700822268.9828436
276,frame_displayed,1700822268.9868941
277,frame_recieved,1700822268.9975293
277,frame_displayed,1700822269.0139697
278,frame_recieved,1700822269.0157194
278,frame_displayed,1700822269.0177505
279,frame_recieved,1700822269.018545
279,frame_displayed,1700822269.0215068
280,frame_recieved,1700822269.021822
280,frame_displayed,1700822269.0255647
281,frame_recieved,1700822269.0374813
281,frame_displayed,1700822269.0904806
282,frame_recieved,1700822269.0919404
283,frame_recieved,1700822269.0937426
282,frame_displayed,1700822269.0942585
284,frame_recieved,1700822269.0959895
285,frame_recieved,1700822269.0977826
283,frame_displayed,1700822269.0989108
284,frame_displayed,1700822269.1020815
286,frame_recieved,1700822269.1026323
287,frame_recieved,1700822269.1046135
285,frame_displayed,1700822269.1054237
288,frame_recieved,1700822269.1065354
286,frame_displayed,1700822269.108599
289,frame_recieved,1700822269.1114297
287,frame_displayed,1700822269.1126258
288,frame_displayed,1700822269.1158903
289,frame_displayed,1700822269.118944
290,frame_recieved,1700822269.1212218
290,frame_displayed,1700822269.1274264
291,frame_recieved,1700822269.141196
291,frame_displayed,1700822269.1931233
292,frame_recieved,1700822269.1943653
293,frame_recieved,1700822269.1959727
292,frame_displayed,1700822269.1968791
294,frame_recieved,1700822269.1980698
295,frame_recieved,1700822269.1997154
296,frame_recieved,1700822269.2014647
293,frame_displayed,1700822269.2017715
297,frame_recieved,1700822269.2030318
298,frame_recieved,1700822269.204483
294,frame_displayed,1700822269.2068238
295,frame_displayed,1700822269.2109282
299,frame_recieved,1700822269.2112925
296,frame_displayed,1700822269.2156978
297,frame_displayed,1700822269.2190084
300,frame_recieved,1700822269.221295
298,frame_displayed,1700822269.2221894
299,frame_displayed,1700822269.2262323
300,frame_displayed,1700822269.2314198
301,frame_recieved,1700822269.2318492
301,frame_displayed,1700822269.23566
302,frame_recieved,1700822269.2520268
302,frame_displayed,1700822269.2985399
303,frame_recieved,1700822269.3000464
303,frame_displayed,1700822269.3022249
304,frame_recieved,1700822269.30263
305,frame_recieved,1700822269.304912
304,frame_displayed,1700822269.3057473
306,frame_recieved,1700822269.3069649
307,frame_recieved,1700822269.308734
305,frame_displayed,1700822269.308757
308,frame_recieved,1700822269.3118498
306,frame_displayed,1700822269.3130488
309,frame_recieved,1700822269.3144977
307,frame_displayed,1700822269.316449
308,frame_displayed,1700822269.3196623
310,frame_recieved,1700822269.3222022
309,frame_displayed,1700822269.3226032
310,frame_displayed,1700822269.3265173
311,frame_recieved,1700822269.3414311
311,frame_displayed,1700822269.3931901
312,frame_recieved,1700822269.3945901
313,frame_recieved,1700822269.396488
312,frame_displayed,1700822269.3975093
314,frame_recieved,1700822269.3990097
315,frame_recieved,1700822269.4008708
313,frame_displayed,1700822269.4015431
316,frame_recieved,1700822269.405307
314,frame_displayed,1700822269.4055462
317,frame_recieved,1700822269.4073472
318,frame_recieved,1700822269.4090226
315,frame_displayed,1700822269.4092875
319,frame_recieved,1700822269.411485
316,frame_displayed,1700822269.4149683
317,frame_displayed,1700822269.4185176
320,frame_recieved,1700822269.420922
318,frame_displayed,1700822269.4215481
319,frame_displayed,1700822269.4247584
320,frame_displayed,1700822269.4295788
321,frame_recieved,1700822269.4314842
321,frame_displayed,1700822269.4339979
322,frame_recieved,1700822269.4513245
322,frame_displayed,1700822269.4831252
323,frame_recieved,1700822269.4843812
324,frame_recieved,1700822269.4863224
323,frame_displayed,1700822269.487456
325,frame_recieved,1700822269.4886065
326,frame_recieved,1700822269.4902878
324,frame_displayed,1700822269.4908104
327,frame_recieved,1700822269.4920645
325,frame_displayed,1700822269.4945917
326,frame_displayed,1700822269.498212
328,frame_recieved,1700822269.5012116
327,frame_displayed,1700822269.5019846
328,frame_displayed,1700822269.5054896
329,frame_recieved,1700822269.516476
329,frame_displayed,1700822269.532649
330,frame_recieved,1700822269.5341833
330,frame_displayed,1700822269.5365942
331,frame_recieved,1700822269.5368671
331,frame_displayed,1700822269.5409431
332,frame_recieved,1700822269.5417993
332,frame_displayed,1700822269.545727
333,frame_recieved,1700822269.5627103
333,frame_displayed,1700822269.6093397
334,frame_recieved,1700822269.6108546
334,frame_displayed,1700822269.6131535
335,frame_recieved,1700822269.6132383
336,frame_recieved,1700822269.6152754
335,frame_displayed,1700822269.6172895
337,frame_recieved,1700822269.6173773
338,frame_recieved,1700822269.6192446
339,frame_recieved,1700822269.6212835
336,frame_displayed,1700822269.621646
340,frame_recieved,1700822269.6229308
337,frame_displayed,1700822269.6258295
338,frame_displayed,1700822269.6298742
341,frame_recieved,1700822269.6316478
339,frame_displayed,1700822269.6331456
340,frame_displayed,1700822269.6368775
341,frame_displayed,1700822269.6403856
342,frame_recieved,1700822269.6429508
342,frame_displayed,1700822269.6490593
343,frame_recieved,1700822269.6638534
343,frame_displayed,1700822269.7002392
344,frame_recieved,1700822269.7015336
345,frame_recieved,1700822269.703412
344,frame_displayed,1700822269.704327
345,frame_displayed,1700822269.7077837
346,frame_recieved,1700822269.7082782
347,frame_recieved,1700822269.7104352
346,frame_displayed,1700822269.7117138
348,frame_recieved,1700822269.7127285
349,frame_recieved,1700822269.714299
347,frame_displayed,1700822269.7169802
350,frame_recieved,1700822269.7210705
348,frame_displayed,1700822269.7212577
349,frame_displayed,1700822269.7260957
350,frame_displayed,1700822269.7303076
351,frame_recieved,1700822269.7316601
351,frame_displayed,1700822269.7338073
352,frame_recieved,1700822269.7472847
352,frame_displayed,1700822269.7789958
353,frame_recieved,1700822269.78028
354,frame_recieved,1700822269.7819526
353,frame_displayed,1700822269.7831469
355,frame_recieved,1700822269.7844584
356,frame_recieved,1700822269.7862337
354,frame_displayed,1700822269.7866135
355,frame_displayed,1700822269.7902524
357,frame_recieved,1700822269.7916777
356,frame_displayed,1700822269.7932935
357,frame_displayed,1700822269.7978525
358,frame_recieved,1700822269.8126009
358,frame_displayed,1700822269.8813508
359,frame_recieved,1700822269.883697
359,frame_displayed,1700822269.8903952
360,frame_recieved,1700822269.8917944
360,frame_displayed,1700822269.8941026
361,frame_recieved,1700822269.8941932
362,frame_recieved,1700822269.8969126
361,frame_displayed,1700822269.8984585
363,frame_recieved,1700822269.8990147
364,frame_recieved,1700822269.9010072
362,frame_displayed,1700822269.9024928
365,frame_recieved,1700822269.9030228
366,frame_recieved,1700822269.9048254
367,frame_recieved,1700822269.9067235
363,frame_displayed,1700822269.9069355
368,frame_recieved,1700822269.9098592
364,frame_displayed,1700822269.9114277
369,frame_recieved,1700822269.912321
365,frame_displayed,1700822269.916213
366,frame_displayed,1700822269.9195075
370,frame_recieved,1700822269.9217415
367,frame_displayed,1700822269.9226584
368,frame_displayed,1700822269.925911
369,frame_displayed,1700822269.9298897
371,frame_recieved,1700822269.9318626
370,frame_displayed,1700822269.9337397
371,frame_displayed,1700822269.9385443
372,frame_recieved,1700822269.942451
372,frame_displayed,1700822269.9486942
373,frame_recieved,1700822269.9517925
373,frame_displayed,1700822269.9629123
374,frame_recieved,1700822269.965039
374,frame_displayed,1700822269.9668272
375,frame_recieved,1700822269.9770792
375,frame_displayed,1700822270.055578
376,frame_recieved,1700822270.0659282
376,frame_displayed,1700822270.1549487
377,frame_recieved,1700822270.1568947
378,frame_recieved,1700822270.158909
377,frame_displayed,1700822270.1591094
379,frame_recieved,1700822270.1604424
380,frame_recieved,1700822270.161843
378,frame_displayed,1700822270.163087
381,frame_recieved,1700822270.1638522
382,frame_recieved,1700822270.1654046
383,frame_recieved,1700822270.1670232
379,frame_displayed,1700822270.1671793
384,frame_recieved,1700822270.1684873
385,frame_recieved,1700822270.170103
386,frame_recieved,1700822270.1717618
380,frame_displayed,1700822270.1719894
387,frame_recieved,1700822270.173527
388,frame_recieved,1700822270.1753886
381,frame_displayed,1700822270.1766987
389,frame_recieved,1700822270.1782856
390,frame_recieved,1700822270.1800046
382,frame_displayed,1700822270.1814463
391,frame_recieved,1700822270.1823852
392,frame_recieved,1700822270.184267
383,frame_displayed,1700822270.1854973
393,frame_recieved,1700822270.1863358
394,frame_recieved,1700822270.188117
384,frame_displayed,1700822270.1895673
395,frame_recieved,1700822270.1902003
396,frame_recieved,1700822270.1923332
385,frame_displayed,1700822270.1935127
397,frame_recieved,1700822270.1952286
386,frame_displayed,1700822270.198131
387,frame_displayed,1700822270.2012837
398,frame_recieved,1700822270.2017548
388,frame_displayed,1700822270.2056236
389,frame_displayed,1700822270.2089257
399,frame_recieved,1700822270.2119775
390,frame_displayed,1700822270.212209
391,frame_displayed,1700822270.216807
392,frame_displayed,1700822270.220735
400,frame_recieved,1700822270.2219713
393,frame_displayed,1700822270.2255738
394,frame_displayed,1700822270.2301655
401,frame_recieved,1700822270.2329912
395,frame_displayed,1700822270.2338972
396,frame_displayed,1700822270.238391
397,frame_displayed,1700822270.243105
402,frame_recieved,1700822270.2438717
398,frame_displayed,1700822270.2486691
399,frame_displayed,1700822270.2524586
403,frame_recieved,1700822270.2529907
400,frame_displayed,1700822270.2573428
401,frame_displayed,1700822270.2615855
404,frame_recieved,1700822270.2627575
402,frame_displayed,1700822270.266158
403,frame_displayed,1700822270.2702818
405,frame_recieved,1700822270.2731133
404,frame_displayed,1700822270.2740948
405,frame_displayed,1700822270.2788436
406,frame_recieved,1700822270.2911274
406,frame_displayed,1700822270.3229246
407,frame_recieved,1700822270.324244
408,frame_recieved,1700822270.3258917
407,frame_displayed,1700822270.3274229
409,frame_recieved,1700822270.3282259
410,frame_recieved,1700822270.3297517
408,frame_displayed,1700822270.331139
411,frame_recieved,1700822270.333978
409,frame_displayed,1700822270.3346338
410,frame_displayed,1700822270.337881
411,frame_displayed,1700822270.3412855
412,frame_recieved,1700822270.3413928
412,frame_displayed,1700822270.34645
413,frame_recieved,1700822270.361171
413,frame_displayed,1700822270.3876207
414,frame_recieved,1700822270.3889258
415,frame_recieved,1700822270.390704
414,frame_displayed,1700822270.391996
416,frame_recieved,1700822270.3932931
417,frame_recieved,1700822270.39526
415,frame_displayed,1700822270.396288
416,frame_displayed,1700822270.4002087
418,frame_recieved,1700822270.4014661
417,frame_displayed,1700822270.4039435
418,frame_displayed,1700822270.4075577
419,frame_recieved,1700822270.4172423
419,frame_displayed,1700822270.444144
420,frame_recieved,1700822270.4456396
421,frame_recieved,1700822270.447766
420,frame_displayed,1700822270.4478586
422,frame_recieved,1700822270.4500186
421,frame_displayed,1700822270.451687
423,frame_recieved,1700822270.4522283
422,frame_displayed,1700822270.4554152
423,frame_displayed,1700822270.4584596
424,frame_recieved,1700822270.4618654
424,frame_displayed,1700822270.478334
425,frame_recieved,1700822270.479657
425,frame_displayed,1700822270.4819105
426,frame_recieved,1700822270.481955
426,frame_displayed,1700822270.4859934
427,frame_recieved,1700822270.4967532
427,frame_displayed,1700822270.5285573
428,frame_recieved,1700822270.5298767
429,frame_recieved,1700822270.5317676
428,frame_displayed,1700822270.5327342
430,frame_recieved,1700822270.5340374
431,frame_recieved,1700822270.5359104
429,frame_displayed,1700822270.536087
430,frame_displayed,1700822270.5400548
432,frame_recieved,1700822270.541606
431,frame_displayed,1700822270.543992
432,frame_displayed,1700822270.5481908
433,frame_recieved,1700822270.5570495
433,frame_displayed,1700822270.5885994
434,frame_recieved,1700822270.589902
435,frame_recieved,1700822270.5916934
434,frame_displayed,1700822270.5927837
435,frame_displayed,1700822270.59604
436,frame_recieved,1700822270.5964866
437,frame_recieved,1700822270.598437
436,frame_displayed,1700822270.5996578
438,frame_recieved,1700822270.601088
437,frame_displayed,1700822270.6037617
438,frame_displayed,1700822270.6074128
439,frame_recieved,1700822270.6215062
439,frame_displayed,1700822270.647917
440,frame_recieved,1700822270.649142
440,frame_displayed,1700822270.6519415
441,frame_recieved,1700822270.6520615
442,frame_recieved,1700822270.6550279
441,frame_displayed,1700822270.6559453
443,frame_recieved,1700822270.6580203
442,frame_displayed,1700822270.6606352
444,frame_recieved,1700822270.6617312
443,frame_displayed,1700822270.664881
444,frame_displayed,1700822270.6681595
445,frame_recieved,1700822270.6814332
445,frame_displayed,1700822270.7079587
446,frame_recieved,1700822270.709179
447,frame_recieved,1700822270.7108836
446,frame_displayed,1700822270.711773
448,frame_recieved,1700822270.7135465
449,frame_recieved,1700822270.7153351
447,frame_displayed,1700822270.716606
448,frame_displayed,1700822270.720603
450,frame_recieved,1700822270.7216806
449,frame_displayed,1700822270.7238152
450,frame_displayed,1700822270.7281907
451,frame_recieved,1700822270.7367897
451,frame_displayed,1700822270.7482336
452,frame_recieved,1700822270.749211
452,frame_displayed,1700822270.7521982
453,frame_recieved,1700822270.7527702
453,frame_displayed,1700822270.755473
454,frame_recieved,1700822270.7674441
454,frame_displayed,1700822270.836017
455,frame_recieved,1700822270.8381274
455,frame_displayed,1700822270.8395855
456,frame_recieved,1700822270.8411665
456,frame_displayed,1700822270.842999
457,frame_recieved,1700822270.843412
458,frame_recieved,1700822270.8456078
459,frame_recieved,1700822270.847585
457,frame_displayed,1700822270.8476782
460,frame_recieved,1700822270.8498602
458,frame_displayed,1700822270.8512375
461,frame_recieved,1700822270.8520439
462,frame_recieved,1700822270.8544211
459,frame_displayed,1700822270.8549714
463,frame_recieved,1700822270.8563175
460,frame_displayed,1700822270.8588252
464,frame_recieved,1700822270.861888
461,frame_displayed,1700822270.8622277
462,frame_displayed,1700822270.8661559
463,frame_displayed,1700822270.869746
465,frame_recieved,1700822270.8719609
464,frame_displayed,1700822270.8733943
465,frame_displayed,1700822270.8777444
466,frame_recieved,1700822270.8957496
466,frame_displayed,1700822270.9643004
467,frame_recieved,1700822270.9666872
467,frame_displayed,1700822270.9682624
468,frame_recieved,1700822270.9695473
469,frame_recieved,1700822270.9711545
468,frame_displayed,1700822270.972075
470,frame_recieved,1700822270.9730773
471,frame_recieved,1700822270.974887
469,frame_displayed,1700822270.975946
472,frame_recieved,1700822270.9768956
473,frame_recieved,1700822270.978864
470,frame_displayed,1700822270.9802387
474,frame_recieved,1700822270.9810963
475,frame_recieved,1700822270.9827745
471,frame_displayed,1700822270.9847844
476,frame_recieved,1700822270.9847455
472,frame_displayed,1700822270.9888966
477,frame_recieved,1700822270.9914637
473,frame_displayed,1700822270.9923832
474,frame_displayed,1700822270.9964204
475,frame_displayed,1700822270.999513
478,frame_recieved,1700822271.002287
476,frame_displayed,1700822271.0031202
477,frame_displayed,1700822271.0070221
478,frame_displayed,1700822271.010276
479,frame_recieved,1700822271.0131717
479,frame_displayed,1700822271.0155973
480,frame_recieved,1700822271.0276058
480,frame_displayed,1700822271.0439367
481,frame_recieved,1700822271.0452642
482,frame_recieved,1700822271.0471437
481,frame_displayed,1700822271.047842
483,frame_recieved,1700822271.051416
482,frame_displayed,1700822271.0519485
483,frame_displayed,1700822271.0559711
484,frame_recieved,1700822271.0667944
484,frame_displayed,1700822271.083541
485,frame_recieved,1700822271.0855258
485,frame_displayed,1700822271.0871732
486,frame_recieved,1700822271.0887718
486,frame_displayed,1700822271.090771
487,frame_recieved,1700822271.091198
487,frame_displayed,1700822271.0948768
488,frame_recieved,1700822271.1066525
488,frame_displayed,1700822271.1231985
489,frame_recieved,1700822271.1251466
489,frame_displayed,1700822271.1271112
490,frame_recieved,1700822271.1285617
490,frame_displayed,1700822271.131273
491,frame_recieved,1700822271.1317537
491,frame_displayed,1700822271.1353226
492,frame_recieved,1700822271.1470244
492,frame_displayed,1700822271.1838987
493,frame_recieved,1700822271.185116
494,frame_recieved,1700822271.1870341
493,frame_displayed,1700822271.1883814
495,frame_recieved,1700822271.189446
494,frame_displayed,1700822271.1922243
496,frame_recieved,1700822271.1941159
497,frame_recieved,1700822271.1959507
495,frame_displayed,1700822271.1972344
498,frame_recieved,1700822271.2011704
496,frame_displayed,1700822271.201634
497,frame_displayed,1700822271.205725
498,frame_displayed,1700822271.209092
499,frame_recieved,1700822271.2121332
499,frame_displayed,1700822271.2191405
500,frame_recieved,1700822271.2215166
500,frame_displayed,1700822271.2228806
501,frame_recieved,1700822271.2420762
501,frame_displayed,1700822271.2738552
502,frame_recieved,1700822271.275139
503,frame_recieved,1700822271.276748
502,frame_displayed,1700822271.278168
504,frame_recieved,1700822271.2787867
505,frame_recieved,1700822271.2804244
506,frame_recieved,1700822271.2821693
503,frame_displayed,1700822271.2826545
504,frame_displayed,1700822271.2863624
505,frame_displayed,1700822271.2896519
507,frame_recieved,1700822271.2912855
506,frame_displayed,1700822271.2926931
507,frame_displayed,1700822271.297451
508,frame_recieved,1700822271.3120553
508,frame_displayed,1700822271.3592243
509,frame_recieved,1700822271.3606577
510,frame_recieved,1700822271.3628
509,frame_displayed,1700822271.3630881
511,frame_recieved,1700822271.365037
510,frame_displayed,1700822271.3674319
512,frame_recieved,1700822271.368359
513,frame_recieved,1700822271.3700507
511,frame_displayed,1700822271.3712037
514,frame_recieved,1700822271.371858
515,frame_recieved,1700822271.3734987
512,frame_displayed,1700822271.3751795
513,frame_displayed,1700822271.3799765
516,frame_recieved,1700822271.3814104
514,frame_displayed,1700822271.3834426
515,frame_displayed,1700822271.3872747
516,frame_displayed,1700822271.3903446
517,frame_recieved,1700822271.3918622
517,frame_displayed,1700822271.3945348
518,frame_recieved,1700822271.407477
518,frame_displayed,1700822271.4187448
519,frame_recieved,1700822271.4202485
520,frame_recieved,1700822271.4223466
519,frame_displayed,1700822271.4225707
520,frame_displayed,1700822271.42694
521,frame_recieved,1700822271.4369626
521,frame_displayed,1700822271.468611
522,frame_recieved,1700822271.4700944
523,frame_recieved,1700822271.4721477
522,frame_displayed,1700822271.4730334
524,frame_recieved,1700822271.4745555
523,frame_displayed,1700822271.4766843
525,frame_recieved,1700822271.4767287
524,frame_displayed,1700822271.481589
526,frame_recieved,1700822271.48153
525,frame_displayed,1700822271.4853659
526,frame_displayed,1700822271.488545
527,frame_recieved,1700822271.4969206
527,frame_displayed,1700822271.513133
528,frame_recieved,1700822271.5145056
529,frame_recieved,1700822271.5166345
528,frame_displayed,1700822271.517041
529,frame_displayed,1700822271.5212023
530,frame_recieved,1700822271.5216799
530,frame_displayed,1700822271.5250187
531,frame_recieved,1700822271.538115
531,frame_displayed,1700822271.6273446
532,frame_recieved,1700822271.6290371
533,frame_recieved,1700822271.6310236
532,frame_displayed,1700822271.6320071
534,frame_recieved,1700822271.633361
533,frame_displayed,1700822271.635513
535,frame_recieved,1700822271.6354587
536,frame_recieved,1700822271.6375308
537,frame_recieved,1700822271.639495
534,frame_displayed,1700822271.6395638
538,frame_recieved,1700822271.64189
539,frame_recieved,1700822271.6438863
535,frame_displayed,1700822271.6438591
540,frame_recieved,1700822271.6463444
541,frame_recieved,1700822271.6482987
536,frame_displayed,1700822271.648424
537,frame_displayed,1700822271.6527407
542,frame_recieved,1700822271.6533556
538,frame_displayed,1700822271.6559658
543,frame_recieved,1700822271.6561036
539,frame_displayed,1700822271.6602688
544,frame_recieved,1700822271.6613588
540,frame_displayed,1700822271.664534
541,frame_displayed,1700822271.6678345
542,frame_displayed,1700822271.6710434
545,frame_recieved,1700822271.671547
543,frame_displayed,1700822271.67549
544,frame_displayed,1700822271.67902
546,frame_recieved,1700822271.6814334
545,frame_displayed,1700822271.6831365
546,frame_displayed,1700822271.6869457
547,frame_recieved,1700822271.70168
547,frame_displayed,1700822271.743535
548,frame_recieved,1700822271.744774
549,frame_recieved,1700822271.7464557
548,frame_displayed,1700822271.7473469
550,frame_recieved,1700822271.7486694
551,frame_recieved,1700822271.7503548
549,frame_displayed,1700822271.750926
552,frame_recieved,1700822271.752214
553,frame_recieved,1700822271.753874
550,frame_displayed,1700822271.7557616
551,frame_displayed,1700822271.759322
554,frame_recieved,1700822271.761026
552,frame_displayed,1700822271.762586
553,frame_displayed,1700822271.7663412
554,frame_displayed,1700822271.7695367
555,frame_recieved,1700822271.7715185
555,frame_displayed,1700822271.7732034
556,frame_recieved,1700822271.7869253
556,frame_displayed,1700822271.803411
557,frame_recieved,1700822271.8053033
557,frame_displayed,1700822271.8076124
558,frame_recieved,1700822271.8083827
558,frame_displayed,1700822271.8117168
559,frame_recieved,1700822271.8120458
559,frame_displayed,1700822271.8157725
560,frame_recieved,1700822271.8267415
560,frame_displayed,1700822271.848309
561,frame_recieved,1700822271.850122
561,frame_displayed,1700822271.8518162
562,frame_recieved,1700822271.8524888
563,frame_recieved,1700822271.8543062
562,frame_displayed,1700822271.8557
563,frame_displayed,1700822271.8591514
564,frame_recieved,1700822271.861717
564,frame_displayed,1700822271.8641665
565,frame_recieved,1700822271.8769772
565,frame_displayed,1700822271.929819
566,frame_recieved,1700822271.9314594
566,frame_displayed,1700822271.9336827
567,frame_recieved,1700822271.9346323
568,frame_recieved,1700822271.9366367
567,frame_displayed,1700822271.937087
569,frame_recieved,1700822271.9383214
570,frame_recieved,1700822271.9401875
568,frame_displayed,1700822271.9411452
571,frame_recieved,1700822271.9424045
569,frame_displayed,1700822271.9447896
572,frame_recieved,1700822271.9478486
570,frame_displayed,1700822271.948763
573,frame_recieved,1700822271.951899
571,frame_displayed,1700822271.9520886
572,frame_displayed,1700822271.9573934
573,frame_displayed,1700822271.962062
574,frame_recieved,1700822271.9624004
574,frame_displayed,1700822271.965996
575,frame_recieved,1700822271.981664
575,frame_displayed,1700822272.0343447
576,frame_recieved,1700822272.0361872
576,frame_displayed,1700822272.0382502
577,frame_recieved,1700822272.0383704
578,frame_recieved,1700822272.0401616
577,frame_displayed,1700822272.0425386
579,frame_recieved,1700822272.042567
580,frame_recieved,1700822272.0445814
581,frame_recieved,1700822272.0465958
578,frame_displayed,1700822272.0471609
582,frame_recieved,1700822272.0484068
583,frame_recieved,1700822272.050962
579,frame_displayed,1700822272.0520234
580,frame_displayed,1700822272.0554333
581,frame_displayed,1700822272.058871
584,frame_recieved,1700822272.0614538
582,frame_displayed,1700822272.0624874
583,frame_displayed,1700822272.0659218
584,frame_displayed,1700822272.0694692
585,frame_recieved,1700822272.0778325
585,frame_displayed,1700822272.0941708
586,frame_recieved,1700822272.0956132
587,frame_recieved,1700822272.09767
586,frame_displayed,1700822272.097931
587,frame_displayed,1700822272.1019163
588,frame_recieved,1700822272.1020634
588,frame_displayed,1700822272.1057785
589,frame_recieved,1700822272.116674
589,frame_displayed,1700822272.1328278
590,frame_recieved,1700822272.1341088
591,frame_recieved,1700822272.1359272
590,frame_displayed,1700822272.1367443
591,frame_displayed,1700822272.1417775
592,frame_recieved,1700822272.1421838
592,frame_displayed,1700822272.146401
593,frame_recieved,1700822272.1570213
593,frame_displayed,1700822272.1783361
594,frame_recieved,1700822272.179655
595,frame_recieved,1700822272.1817405
594,frame_displayed,1700822272.1821856
596,frame_recieved,1700822272.184024
595,frame_displayed,1700822272.1860232
596,frame_displayed,1700822272.1896608
597,frame_recieved,1700822272.198243
597,frame_displayed,1700822272.2145607
598,frame_recieved,1700822272.21588
599,frame_recieved,1700822272.2176545
598,frame_displayed,1700822272.2184756
600,frame_recieved,1700822272.2218666
599,frame_displayed,1700822272.2223656
600,frame_displayed,1700822272.225944
601,frame_recieved,1700822272.2367792
601,frame_displayed,1700822272.2686248
602,frame_recieved,1700822272.2828012
602,frame_displayed,1700822272.334906
603,frame_recieved,1700822272.3362098
604,frame_recieved,1700822272.3378797
603,frame_displayed,1700822272.3388488
605,frame_recieved,1700822272.34013
606,frame_recieved,1700822272.3416731
604,frame_displayed,1700822272.3426254
607,frame_recieved,1700822272.3438096
608,frame_recieved,1700822272.345861
605,frame_displayed,1700822272.3470469
609,frame_recieved,1700822272.347839
610,frame_recieved,1700822272.3494735
606,frame_displayed,1700822272.3510182
611,frame_recieved,1700822272.3511426
612,frame_recieved,1700822272.3527882
613,frame_recieved,1700822272.3544242
607,frame_displayed,1700822272.3559563
608,frame_displayed,1700822272.3595538
614,frame_recieved,1700822272.3617287
609,frame_displayed,1700822272.3630295
610,frame_displayed,1700822272.366055
611,frame_displayed,1700822272.3692055
615,frame_recieved,1700822272.3718424
612,frame_displayed,1700822272.372519
613,frame_displayed,1700822272.3762789
614,frame_displayed,1700822272.3808413
616,frame_recieved,1700822272.3831353
615,frame_displayed,1700822272.384215
616,frame_displayed,1700822272.3881629
617,frame_recieved,1700822272.3979087
617,frame_displayed,1700822272.4144902
618,frame_recieved,1700822272.415847
618,frame_displayed,1700822272.418294
619,frame_recieved,1700822272.4181848
620,frame_recieved,1700822272.421835
619,frame_displayed,1700822272.4232998
620,frame_displayed,1700822272.4271972
621,frame_recieved,1700822272.4368346
621,frame_displayed,1700822272.4633915
622,frame_recieved,1700822272.4648461
623,frame_recieved,1700822272.4667606
622,frame_displayed,1700822272.4673116
624,frame_recieved,1700822272.4693768
625,frame_recieved,1700822272.4715421
623,frame_displayed,1700822272.472122
624,frame_displayed,1700822272.47685
625,frame_displayed,1700822272.4810474
626,frame_recieved,1700822272.482059
626,frame_displayed,1700822272.4861128
627,frame_recieved,1700822272.5027788
627,frame_displayed,1700822272.5502822
628,frame_recieved,1700822272.5518796
629,frame_recieved,1700822272.5538998
628,frame_displayed,1700822272.5550978
630,frame_recieved,1700822272.5564616
631,frame_recieved,1700822272.5583029
629,frame_displayed,1700822272.5588987
632,frame_recieved,1700822272.5628314
630,frame_displayed,1700822272.5633073
633,frame_recieved,1700822272.5647979
634,frame_recieved,1700822272.5665872
631,frame_displayed,1700822272.5672035
635,frame_recieved,1700822272.5710728
632,frame_displayed,1700822272.5714977
633,frame_displayed,1700822272.5755556
634,frame_displayed,1700822272.5791745
636,frame_recieved,1700822272.5811079
635,frame_displayed,1700822272.5834835
636,frame_displayed,1700822272.587682
637,frame_recieved,1700822272.5966277
637,frame_displayed,1700822272.6090293
638,frame_recieved,1700822272.6105347
639,frame_recieved,1700822272.6123397
638,frame_displayed,1700822272.6136758
639,frame_displayed,1700822272.617382
640,frame_recieved,1700822272.626255
640,frame_displayed,1700822272.6427658
641,frame_recieved,1700822272.6444964
641,frame_displayed,1700822272.6463315
642,frame_recieved,1700822272.6474793
642,frame_displayed,1700822272.65019
643,frame_recieved,1700822272.6511624
643,frame_displayed,1700822272.6535122
644,frame_recieved,1700822272.6669295
644,frame_displayed,1700822272.6985655
645,frame_recieved,1700822272.700016
646,frame_recieved,1700822272.701959
645,frame_displayed,1700822272.70271
647,frame_recieved,1700822272.7045214
648,frame_recieved,1700822272.706201
646,frame_displayed,1700822272.707164
647,frame_displayed,1700822272.7107422
649,frame_recieved,1700822272.7121747
648,frame_displayed,1700822272.7145772
649,frame_displayed,1700822272.7185817
650,frame_recieved,1700822272.7220027
650,frame_displayed,1700822272.733712
651,frame_recieved,1700822272.7350645
651,frame_displayed,1700822272.7373338
652,frame_recieved,1700822272.7466614
652,frame_displayed,1700822272.773057
653,frame_recieved,1700822272.7744586
654,frame_recieved,1700822272.776236
653,frame_displayed,1700822272.777368
655,frame_recieved,1700822272.7786932
654,frame_displayed,1700822272.781143
656,frame_recieved,1700822272.7819638
655,frame_displayed,1700822272.7846165
656,frame_displayed,1700822272.788001
657,frame_recieved,1700822272.802036
657,frame_displayed,1700822272.83385
658,frame_recieved,1700822272.8351972
659,frame_recieved,1700822272.8371286
658,frame_displayed,1700822272.8381238
660,frame_recieved,1700822272.8396823
661,frame_recieved,1700822272.8421109
659,frame_displayed,1700822272.8436153
662,frame_recieved,1700822272.847107
660,frame_displayed,1700822272.8473165
661,frame_displayed,1700822272.8510933
663,frame_recieved,1700822272.8521025
662,frame_displayed,1700822272.8548267
663,frame_displayed,1700822272.8582804
664,frame_recieved,1700822272.861262
664,frame_displayed,1700822272.8638024
665,frame_recieved,1700822272.8812957
665,frame_displayed,1700822272.8927016
666,frame_recieved,1700822272.8939054
667,frame_recieved,1700822272.895545
666,frame_displayed,1700822272.8968832
667,frame_displayed,1700822272.9003932
668,frame_recieved,1700822272.9012368
668,frame_displayed,1700822272.9036634
669,frame_recieved,1700822272.9218872
669,frame_displayed,1700822272.953588
670,frame_recieved,1700822272.9547873
671,frame_recieved,1700822272.956766
670,frame_displayed,1700822272.9577966
672,frame_recieved,1700822272.9589212
673,frame_recieved,1700822272.9609752
671,frame_displayed,1700822272.9615664
674,frame_recieved,1700822272.9633818
672,frame_displayed,1700822272.9671063
673,frame_displayed,1700822272.9702272
675,frame_recieved,1700822272.9726048
674,frame_displayed,1700822272.9733155
675,frame_displayed,1700822272.977311
676,frame_recieved,1700822272.9876063
676,frame_displayed,1700822273.0613992
677,frame_recieved,1700822273.0636404
678,frame_recieved,1700822273.0662332
677,frame_displayed,1700822273.0667272
679,frame_recieved,1700822273.067948
680,frame_recieved,1700822273.0699785
678,frame_displayed,1700822273.071719
681,frame_recieved,1700822273.0722444
682,frame_recieved,1700822273.0739174
683,frame_recieved,1700822273.0757372
679,frame_displayed,1700822273.0758283
684,frame_recieved,1700822273.078455
685,frame_recieved,1700822273.0804691
680,frame_displayed,1700822273.0808086
686,frame_recieved,1700822273.0823636
681,frame_displayed,1700822273.0856752
682,frame_displayed,1700822273.088866
687,frame_recieved,1700822273.0915911
683,frame_displayed,1700822273.092019
684,frame_displayed,1700822273.0966048
685,frame_displayed,1700822273.1003764
688,frame_recieved,1700822273.101905
686,frame_displayed,1700822273.104681
687,frame_displayed,1700822273.1086345
688,frame_displayed,1700822273.1120515
689,frame_recieved,1700822273.1128266
689,frame_displayed,1700822273.1164966
690,frame_recieved,1700822273.1275592
690,frame_displayed,1700822273.1543462
691,frame_recieved,1700822273.1557739
691,frame_displayed,1700822273.1582272
692,frame_recieved,1700822273.1602657
692,frame_displayed,1700822273.1619205
693,frame_recieved,1700822273.162753
694,frame_recieved,1700822273.1643124
693,frame_displayed,1700822273.1665392
694,frame_displayed,1700822273.1698976
695,frame_recieved,1700822273.1716464
695,frame_displayed,1700822273.1730185
696,frame_recieved,1700822273.1861684
696,frame_displayed,1700822273.1973763
697,frame_recieved,1700822273.1987424
697,frame_displayed,1700822273.2017257
698,frame_recieved,1700822273.2027328
698,frame_displayed,1700822273.2054927
699,frame_recieved,1700822273.22205
699,frame_displayed,1700822273.2592008
700,frame_recieved,1700822273.2612567
700,frame_displayed,1700822273.2626376
701,frame_recieved,1700822273.2643318
701,frame_displayed,1700822273.2658143
702,frame_recieved,1700822273.2668974
702,frame_displayed,1700822273.2691104
703,frame_recieved,1700822273.2695997
704,frame_recieved,1700822273.2717106
703,frame_displayed,1700822273.2729373
705,frame_recieved,1700822273.273925
704,frame_displayed,1700822273.2772837
705,frame_displayed,1700822273.2805297
706,frame_recieved,1700822273.2816646
706,frame_displayed,1700822273.2841399
707,frame_recieved,1700822273.2973654
707,frame_displayed,1700822273.3085623
708,frame_recieved,1700822273.3105
708,frame_displayed,1700822273.3128948
709,frame_recieved,1700822273.313219
709,frame_displayed,1700822273.317322
710,frame_recieved,1700822273.3263276
710,frame_displayed,1700822273.3578715
711,frame_recieved,1700822273.3592422
712,frame_recieved,1700822273.361487
711,frame_displayed,1700822273.3616252
713,frame_recieved,1700822273.3636992
714,frame_recieved,1700822273.3654723
712,frame_displayed,1700822273.3667772
713,frame_displayed,1700822273.3716297
715,frame_recieved,1700822273.371763
714,frame_displayed,1700822273.375685
715,frame_displayed,1700822273.3811245
716,frame_recieved,1700822273.382595
716,frame_displayed,1700822273.384708
717,frame_recieved,1700822273.3970356
717,frame_displayed,1700822273.4183068
718,frame_recieved,1700822273.4197226
719,frame_recieved,1700822273.4219534
718,frame_displayed,1700822273.4221852
720,frame_recieved,1700822273.4243689
719,frame_displayed,1700822273.425941
720,frame_displayed,1700822273.430021
721,frame_recieved,1700822273.4324913
721,frame_displayed,1700822273.4334939
722,frame_recieved,1700822273.448915
722,frame_displayed,1700822273.4652426
723,frame_recieved,1700822273.466363
724,frame_recieved,1700822273.468332
723,frame_displayed,1700822273.4696329
725,frame_recieved,1700822273.471183
724,frame_displayed,1700822273.473435
725,frame_displayed,1700822273.4767342
726,frame_recieved,1700822273.4861095
726,frame_displayed,1700822273.5023127
727,frame_recieved,1700822273.503461
728,frame_recieved,1700822273.5050812
727,frame_displayed,1700822273.5061085
728,frame_displayed,1700822273.5095298
729,frame_recieved,1700822273.5111437
729,frame_displayed,1700822273.5130758
730,frame_recieved,1700822273.526172
730,frame_displayed,1700822273.5630655
731,frame_recieved,1700822273.564331
732,frame_recieved,1700822273.5663102
731,frame_displayed,1700822273.5673203
733,frame_recieved,1700822273.5684526
734,frame_recieved,1700822273.5704858
732,frame_displayed,1700822273.5710275
735,frame_recieved,1700822273.5724843
733,frame_displayed,1700822273.5751133
734,frame_displayed,1700822273.5783515
736,frame_recieved,1700822273.5816162
735,frame_displayed,1700822273.5821476
736,frame_displayed,1700822273.5859463
737,frame_recieved,1700822273.596795
737,frame_displayed,1700822273.623523
738,frame_recieved,1700822273.6250415
739,frame_recieved,1700822273.6272447
738,frame_displayed,1700822273.6287007
740,frame_recieved,1700822273.6310494
739,frame_displayed,1700822273.6332576
741,frame_recieved,1700822273.6345396
740,frame_displayed,1700822273.6383758
741,frame_displayed,1700822273.6425626
742,frame_recieved,1700822273.6428418
742,frame_displayed,1700822273.6478686
743,frame_recieved,1700822273.6524575
743,frame_displayed,1700822273.7469568
744,frame_recieved,1700822273.748395
745,frame_recieved,1700822273.7502832
744,frame_displayed,1700822273.752875
746,frame_recieved,1700822273.7539754
747,frame_recieved,1700822273.7560792
748,frame_recieved,1700822273.75789
745,frame_displayed,1700822273.7580278
749,frame_recieved,1700822273.75956
750,frame_recieved,1700822273.7612486
751,frame_recieved,1700822273.7633355
746,frame_displayed,1700822273.7642198
752,frame_recieved,1700822273.7679052
747,frame_displayed,1700822273.768144
753,frame_recieved,1700822273.7706885
754,frame_recieved,1700822273.7723606
748,frame_displayed,1700822273.7725675
755,frame_recieved,1700822273.7741327
749,frame_displayed,1700822273.776491
750,frame_displayed,1700822273.7799864
756,frame_recieved,1700822273.7817705
751,frame_displayed,1700822273.7831707
752,frame_displayed,1700822273.7887745
757,frame_recieved,1700822273.7921531
753,frame_displayed,1700822273.7931871
754,frame_displayed,1700822273.7972746
755,frame_displayed,1700822273.801299
758,frame_recieved,1700822273.8014288
756,frame_displayed,1700822273.8073127
759,frame_recieved,1700822273.8117826
757,frame_displayed,1700822273.81504
758,frame_displayed,1700822273.8195457
760,frame_recieved,1700822273.8227437
759,frame_displayed,1700822273.82437
760,frame_displayed,1700822273.829939
761,frame_recieved,1700822273.8334131
761,frame_displayed,1700822273.8479424
762,frame_recieved,1700822273.8496554
763,frame_recieved,1700822273.8522258
762,frame_displayed,1700822273.8535943
763,frame_displayed,1700822273.85826
764,frame_recieved,1700822273.8627143
764,frame_displayed,1700822273.8637974
765,frame_recieved,1700822273.877985
765,frame_displayed,1700822273.9148068
766,frame_recieved,1700822273.916301
767,frame_recieved,1700822273.9182699
766,frame_displayed,1700822273.9213681
768,frame_recieved,1700822273.9224422
769,frame_recieved,1700822273.9241853
770,frame_recieved,1700822273.9260697
767,frame_displayed,1700822273.9263494
771,frame_recieved,1700822273.9310093
768,frame_displayed,1700822273.932152
769,frame_displayed,1700822273.9382272
772,frame_recieved,1700822273.9412158
770,frame_displayed,1700822273.9422944
771,frame_displayed,1700822273.9469986
772,frame_displayed,1700822273.9522853
773,frame_recieved,1700822273.9528224
773,frame_displayed,1700822273.9579666
774,frame_recieved,1700822273.9734173
774,frame_displayed,1700822273.9998522
775,frame_recieved,1700822274.0014234
776,frame_recieved,1700822274.003497
775,frame_displayed,1700822274.0037084
777,frame_recieved,1700822274.0066206
778,frame_recieved,1700822274.0089211
776,frame_displayed,1700822274.0090697
779,frame_recieved,1700822274.0115466
777,frame_displayed,1700822274.013056
778,frame_displayed,1700822274.016777
779,frame_displayed,1700822274.020807
780,frame_recieved,1700822274.0218568
780,frame_displayed,1700822274.0252497
781,frame_recieved,1700822274.0368357
781,frame_displayed,1700822274.0482285
782,frame_recieved,1700822274.050208
782,frame_displayed,1700822274.0522492
783,frame_recieved,1700822274.053425
783,frame_displayed,1700822274.0560637
784,frame_recieved,1700822274.067849
784,frame_displayed,1700822274.0842803
785,frame_recieved,1700822274.085625
786,frame_recieved,1700822274.0878348
785,frame_displayed,1700822274.0881608
786,frame_displayed,1700822274.0918841
787,frame_recieved,1700822274.0919251
787,frame_displayed,1700822274.0967815
788,frame_recieved,1700822274.107081
788,frame_displayed,1700822274.1234055
789,frame_recieved,1700822274.1248612
790,frame_recieved,1700822274.1272295
789,frame_displayed,1700822274.128117
791,frame_recieved,1700822274.1318169
790,frame_displayed,1700822274.132055
791,frame_displayed,1700822274.1360571
792,frame_recieved,1700822274.147059
792,frame_displayed,1700822274.158395
793,frame_recieved,1700822274.159806
794,frame_recieved,1700822274.1616168
793,frame_displayed,1700822274.1623702
794,frame_displayed,1700822274.1662323
795,frame_recieved,1700822274.17668
795,frame_displayed,1700822274.198199
796,frame_recieved,1700822274.2002912
796,frame_displayed,1700822274.2028522
797,frame_recieved,1700822274.203281
797,frame_displayed,1700822274.2067392
798,frame_recieved,1700822274.2088745
798,frame_displayed,1700822274.2104151
799,frame_recieved,1700822274.2131166
799,frame_displayed,1700822274.2159698
800,frame_recieved,1700822274.2268598
800,frame_displayed,1700822274.2635825
801,frame_recieved,1700822274.264926
802,frame_recieved,1700822274.2668185
801,frame_displayed,1700822274.2677946
803,frame_recieved,1700822274.269169
804,frame_recieved,1700822274.270843
802,frame_displayed,1700822274.27176
805,frame_recieved,1700822274.2735415
803,frame_displayed,1700822274.2754753
804,frame_displayed,1700822274.2795267
806,frame_recieved,1700822274.2816868
805,frame_displayed,1700822274.2827897
806,frame_displayed,1700822274.2863889
807,frame_recieved,1700822274.297532
807,frame_displayed,1700822274.3144014
808,frame_recieved,1700822274.3157187
808,frame_displayed,1700822274.3172922
809,frame_recieved,1700822274.3180625
810,frame_recieved,1700822274.3215373
809,frame_displayed,1700822274.3222694
810,frame_displayed,1700822274.326251
811,frame_recieved,1700822274.3414946
811,frame_displayed,1700822274.3939273
812,frame_recieved,1700822274.3953133
813,frame_recieved,1700822274.397335
812,frame_displayed,1700822274.3981836
814,frame_recieved,1700822274.40015
813,frame_displayed,1700822274.401641
815,frame_recieved,1700822274.402198
816,frame_recieved,1700822274.4039557
814,frame_displayed,1700822274.4053023
817,frame_recieved,1700822274.4062479
818,frame_recieved,1700822274.4080238
815,frame_displayed,1700822274.4093618
819,frame_recieved,1700822274.4114401
816,frame_displayed,1700822274.4137979
817,frame_displayed,1700822274.4176893
818,frame_displayed,1700822274.4209936
820,frame_recieved,1700822274.4215844
819,frame_displayed,1700822274.4246643
820,frame_displayed,1700822274.4292178
821,frame_recieved,1700822274.431908
821,frame_displayed,1700822274.4386096
822,frame_recieved,1700822274.4531167
822,frame_displayed,1700822274.469421
823,frame_recieved,1700822274.4708679
824,frame_recieved,1700822274.4727314
823,frame_displayed,1700822274.4735806
825,frame_recieved,1700822274.4753973
824,frame_displayed,1700822274.478678
826,frame_recieved,1700822274.4818325
825,frame_displayed,1700822274.4823709
826,frame_displayed,1700822274.486717
827,frame_recieved,1700822274.4977436
827,frame_displayed,1700822274.5143733
828,frame_recieved,1700822274.5287573
828,frame_displayed,1700822274.560521
829,frame_recieved,1700822274.5619028
830,frame_recieved,1700822274.5638719
829,frame_displayed,1700822274.5648875
831,frame_recieved,1700822274.5670764
832,frame_recieved,1700822274.5693192
830,frame_displayed,1700822274.570291
833,frame_recieved,1700822274.5714498
834,frame_recieved,1700822274.573052
831,frame_displayed,1700822274.5740116
835,frame_recieved,1700822274.5750263
832,frame_displayed,1700822274.5775397
833,frame_displayed,1700822274.5806694
836,frame_recieved,1700822274.5812035
834,frame_displayed,1700822274.5841465
835,frame_displayed,1700822274.587303
836,frame_displayed,1700822274.5908895
837,frame_recieved,1700822274.5921926
837,frame_displayed,1700822274.597662
838,frame_recieved,1700822274.6065574
838,frame_displayed,1700822274.6284814
839,frame_recieved,1700822274.6300342
840,frame_recieved,1700822274.6321976
839,frame_displayed,1700822274.6325676
841,frame_recieved,1700822274.6358488
840,frame_displayed,1700822274.6369178
841,frame_displayed,1700822274.6405907
842,frame_recieved,1700822274.6418257
842,frame_displayed,1700822274.6445482
843,frame_recieved,1700822274.6567626
843,frame_displayed,1700822274.6783404
844,frame_recieved,1700822274.6798208
844,frame_displayed,1700822274.6824238
845,frame_recieved,1700822274.6833053
846,frame_recieved,1700822274.6856847
845,frame_displayed,1700822274.6868808
846,frame_displayed,1700822274.6901433
847,frame_recieved,1700822274.6921356
847,frame_displayed,1700822274.6936302
848,frame_recieved,1700822274.7068956
848,frame_displayed,1700822274.7284002
849,frame_recieved,1700822274.729753
850,frame_recieved,1700822274.7316136
849,frame_displayed,1700822274.7331305
851,frame_recieved,1700822274.7338853
850,frame_displayed,1700822274.7371407
851,frame_displayed,1700822274.7404146
852,frame_recieved,1700822274.741776
852,frame_displayed,1700822274.744288
853,frame_recieved,1700822274.7567894
853,frame_displayed,1700822274.7941906
854,frame_recieved,1700822274.7956274
855,frame_recieved,1700822274.7976272
854,frame_displayed,1700822274.798809
856,frame_recieved,1700822274.80009
857,frame_recieved,1700822274.802119
855,frame_displayed,1700822274.8027313
858,frame_recieved,1700822274.8065703
856,frame_displayed,1700822274.806677
857,frame_displayed,1700822274.81014
859,frame_recieved,1700822274.8125184
858,frame_displayed,1700822274.8136518
859,frame_displayed,1700822274.8178167
860,frame_recieved,1700822274.8260643
